date,open,high,low,close,SMA_10,SMA_20,EMA_10,EMA_20,Donchian_High_20,Donchian_Low_20,BB_Middle_20,BB_Upper_20,BB_Lower_20,Z_Score_20,ticker
2018-01-31,38.66999816894531,42.97999954223633,38.43000030517578,41.540000915527344,,,,,,,,,,,CSCO
2018-02-28,41.09000015258789,45.88999938964844,37.34999847412109,44.77999877929688,,,,,,,,,,,CSCO
2018-03-31,44.68000030517578,46.15999984741211,41.58000183105469,42.88999938964844,,,,,,,,,,,CSCO
2018-04-30,42.52000045776367,45.34000015258789,40.18999862670898,44.290000915527344,,,,,,,,,,,CSCO
2018-05-31,43.90999984741211,46.369998931884766,42.52000045776367,42.709999084472656,,,,,,,,,,,CSCO
2018-06-30,42.90999984741211,44.810001373291016,41.810001373291016,43.02999877929688,,,,,,,,,,,CSCO
2018-07-31,42.560001373291016,43.83000183105469,40.93999862670898,42.290000915527344,,,,,,,,,,,CSCO
2018-08-31,41.9900016784668,47.83000183105469,41.20000076293945,47.77000045776367,,,,,,,,,,,CSCO
2018-09-30,47.84000015258789,49.060001373291016,46.43999862670898,48.650001525878906,,,,,,,,,,,CSCO
2018-10-31,49.0,49.470001220703125,42.93999862670898,45.75,44.37000007629395,,44.37000007629395,,,,,,,,CSCO
2018-11-30,45.66999816894531,48.43999862670898,44.08000183105469,47.869998931884766,45.00299987792969,,45.006363504583184,,,,,,,,CSCO
2018-12-31,48.31999969482422,49.13999938964844,40.25,43.33000183105469,44.85800018310547,,44.70157047303255,,,,,,,,CSCO
2019-01-31,42.27999877929688,47.380001068115234,40.959999084472656,47.290000915527344,45.29800033569336,,45.17219418984978,,,,,,,,CSCO
2019-02-28,47.369998931884766,51.959999084472656,46.29999923706055,51.77000045776367,46.04600028991699,,46.37179532947049,,,,,,,,CSCO
2019-03-31,52.0,54.22999954223633,50.5099983215332,53.9900016784668,47.1740005493164,,47.756923756560724,,,,,,,,CSCO
2019-04-30,54.47999954223633,57.52999877929688,54.38999938964844,55.95000076293945,48.46600074768067,,49.24657412135686,,,,,,,,CSCO
2019-05-31,56.0,56.83000183105469,51.060001373291016,52.02999877929688,49.44000053405762,,49.7526513318914,,,,,,,,CSCO
2019-06-30,52.04999923706055,58.150001525878906,51.4900016784668,54.72999954223633,50.13600044250488,,50.6576237337723,,,,,,,,CSCO
2019-07-31,55.2599983215332,58.2599983215332,54.22999954223633,55.400001525878906,50.811000442504884,,51.51987424142804,,,,,,,,CSCO
2019-08-31,55.84000015258789,56.88999938964844,46.0,46.810001373291016,50.91700057983398,47.643500328063965,50.66353371994858,47.643500328063965,58.2599983215332,37.34999847412109,47.643500328063965,57.197740931597075,38.089259724530855,-0.17447727964161283,CSCO
2019-09-30,46.630001068115234,50.29999923706055,46.20000076293945,49.40999984741211,51.07100067138672,48.037000274658205,50.43561847039649,47.81173837752569,58.2599983215332,37.34999847412109,48.037000274658205,57.17186881560823,38.90213173370818,0.30060631230739376,CSCO
2019-10-31,49.650001525878906,49.869998931884766,45.54999923706055,47.5099983215332,51.48900032043457,48.17350025177002,49.90368753423953,47.78300122933594,58.2599983215332,40.18999862670898,48.17350025177002,57.18419200545749,39.162808498082555,-0.14726992075060005,CSCO
2019-11-30,46.84999847412109,48.97999954223633,44.43999862670898,45.310001373291016,51.29100036621094,48.29450035095215,49.06847186861253,47.54747743352214,58.2599983215332,40.18999862670898,48.29450035095215,57.068338398679856,39.52066230322444,-0.6803177723195093,CSCO
2019-12-31,45.25,48.369998931884766,43.400001525878906,47.959999084472656,50.910000228881835,48.478000259399415,48.866931362405275,47.58676520980314,58.2599983215332,40.25,48.478000259399415,57.05039835116726,39.90560216763157,-0.12085327101740657,CSCO
